"2022-11-20T18:48:57.000Z"||,|| "@mengmengjie99 @poyz781 https://t.co/JaSWvYizjO Check it out ğŸ‘ğŸ’¦! https://t.co/XMt8PMQI7g" 
"2022-11-20T18:48:58.000Z"||,|| "@SoniaBe81708735 Dark family experience laugh deal available tend hundred large nation good." 
"2022-11-20T18:48:59.000Z"||,|| "RT @MasTwinkAtex: Horny after my ride ğŸ«  https://t.co/SX4WbaBxbN" 
"2022-11-20T18:48:58.000Z"||,|| "RT @Shiffa_ZY: Shocking revelations if trueâ€¦ How about Shahzeb Khanzada should interview Tasneem Haider Shah (representative PMLN London) nâ€¦" 
"2022-11-20T18:48:59.000Z"||,|| "@summarie_mata ARMY ATTACK ON MAMA" 
"2022-11-20T18:48:59.000Z"||,|| "@AaronQuinn716 @GregTompsett Aaron theyâ€™re not making the playoffs in a year where they were favored to be in the super bowl for 10 weeks into the season. Are you ready for that level of let down?" 
"2022-11-20T18:48:59.000Z"||,|| "The Day of My Return is nearer than you think https://t.co/QZZ64xfZFw" 
"2022-11-20T18:48:59.000Z"||,|| "@CNN @ElizabethAngell WORK HOME FROM is anyone interested in a (800k KEEPING) Position - Part time / full time position Make per month 500$ $25.88/hr  -No start up fee - No Experience Needed Click Sign up and submit your email and more information. Go to this link: https://t.co/hcqtziFIh8" 
"2022-11-20T18:48:58.000Z"||,|| "Is it not by love alone that we succeed   https://t.co/0dxtGe2xCL" 
"2022-11-20T18:48:59.000Z"||,|| "@MediaSardauna And whatâ€™s even better? Ukrainians and their children will have a better future than you, your family and you children. Keep crying dude, Russias fall will hurt" 
"2022-11-20T18:48:59.000Z"||,|| "RT @RayeUpdate: â€œEscapism.â€ had its biggest streaming day on Spotify yesterday, with 304,314 streams. https://t.co/DE4BQgVuIl" 
"2022-11-20T18:48:59.000Z"||,|| "Marlon Bunyan Justin Grote #éƒ‘å· Christian Hope #å¤©æ´¥ Verna Powell #æ·±åœ³çº¿ä¸‹ Robin Ferdinand https://t.co/84cUKygwwg" 
"2022-11-20T18:48:59.000Z"||,|| "Hide too. and hard. Absorbing https://t.co/NbkhN5L027" 
"2022-11-20T18:48:59.000Z"||,|| "@pulte Love it! My granda is in need of a stair lift for his last days! We as diagnosed with lung cancer recently and can't go up and down the stairs hasn't the energy takes it out of him!!!" 
"2022-11-20T18:48:59.000Z"||,|| "RT @goodboysend: Reimbursement Opportunity for my subs who love my voice! Just ordered my microphone &amp; something to record today for JOI &amp;â€¦" 
"2022-11-20T18:48:59.000Z"||,|| "RT @CryptoShillz06: $EPIK Form is temporary, class is permanent! EPIK did EPIC job today!  ~40% DONE FROM THIS GEM ğŸ’ These days people arâ€¦" 
"2022-11-20T18:48:59.000Z"||,|| "#RORä½“è‚²  #å¼€äº‘ä½“è‚²  #ç§‘æ¯”ä½“è‚² #å…«æˆ’ä½“è‚² #ä¸–ç•Œæ¯  #ç”µç«  #å½©ç¥¨  #èµ›è½¦ #NBA https://t.co/3AISni7XXH Lawyer may also second paper exactly. ğŸ‘‹ğŸ˜ğŸ’‹ğŸ’¯ğŸ’˜" 
"2022-11-20T18:48:59.000Z"||,|| "RT @haotonin: here's 1 minute and 7 seconds of jeonghao being clingy to each other https://t.co/t03wdLCER9" 
"2022-11-20T18:48:59.000Z"||,|| "RT @scubaryan_: @FIFAWorldCup @bts_bighit I have no idea who this guy was or what this bts stuff isâ€¦ this has to be one of the greatest perâ€¦" 
"2022-11-20T18:48:59.000Z"||,|| "Ur joking me @D7_Reed ğŸ˜­" 
"2022-11-20T18:48:59.000Z"||,|| "@howardlindzon Donâ€™t forget Fat Nixon was invited back and gave his middle finger as thx! Haha enjoy" 
"2022-11-20T18:48:59.000Z"||,|| "@justinenantale2 As the sebei ..thank me later ğŸ™„ğŸ¤£ğŸ¤£ğŸ™Œ" 
"2022-11-20T18:48:59.000Z"||,|| "@mcntagova @carstairsrhodes @_B___S @elonmusk HELLO????" 
"2022-11-20T18:48:59.000Z"||,|| "RT @TheNarcicyst: Make sure you remember why you started in the first place" 
"2022-11-20T18:49:00.000Z"||,|| "RT @ProfKindeya: Tigray under #Eritrean forces: civilians are killed, kidnapped &amp; abducted like in no other time; crop harvests are taken &amp;â€¦" 
"2022-11-20T18:49:00.000Z"||,|| "This is heat! @ShabnamVines @Sarajit25465247 @Khaledudbdh @killuminati8928 @biyolettyy @Mehdi98459185 @fakhrulmokti @princess_token @MissAntheia @0xGua6a @Bijoybhai303 https://t.co/S4ghNzeS12" 
"2022-11-20T18:49:00.000Z"||,|| "@reed_raptors Oh dear really? is this happening in your area or on the internet? ^^;" 
"2022-11-20T18:49:00.000Z"||,|| "RT @JeffKerrCBS: Miles Sanders has 3 carries for 18 yards -- 6.0 yards per carry. He needs the ball more. #Eagles #FlyEaglesFly" 
"2022-11-20T18:49:00.000Z"||,|| "RT @theryansnow2552: Let's knock those stuffed animals off the bedframe ;) https://t.co/4shQFS8d6M" 
"2022-11-20T18:49:00.000Z"||,|| "RT @charts_k: Jungkook from @BTS_twt performs 'Dreamers' at FIFA World Cup opening ceremony | FIFA https://t.co/RXDai6iZFE https://t.co/qhâ€¦" 
"2022-11-20T18:49:00.000Z"||,|| "RT @sparklesugglets: âœ¨free intuitive answersâœ¨ **read all rules before commenting** - must be following me - like &amp; rt this and pinned - aâ€¦" 
"2022-11-20T18:49:00.000Z"||,|| "RT @GlobeSwingers: Yes, yes you do https://t.co/eRAVcjSbdM" 
"2022-11-20T18:48:59.000Z"||,|| "insatiably horny this past week ğŸ˜µâ€ğŸ’« https://t.co/kfH8WFjSO4" 
"2022-11-20T18:49:00.000Z"||,|| "@LenniBug Brilliant visual storytelling" 
"2022-11-20T18:49:00.000Z"||,|| "@bongoism Laugh out loud" 
"2022-11-20T18:49:00.000Z"||,|| "@jiivngs not real" 
"2022-11-20T18:49:00.000Z"||,|| "ğŸ§ğŸ§ I'm voting for #OneDirection (@onedirection) â€œStory of My Life" (2013) for #AMAsFanFavoriteâ€¯â€¯â€¯Â â€¯â€¯â€¯Â at the #AMAsâ€¯â€¯â€¯I'm voting for #OneDirection (@onedirection) â€œStory of My Life" (2013) for #AMAsFanFavoriteâ€¯â€¯â€¯Â â€¯â€¯â€¯Â at the #AMAs" 
"2022-11-20T18:49:00.000Z"||,|| "@piersmorgan I mean Qatar does deserve some disrespect, they have killed people to build these stadiumsâ€¦. But yeh footballs definitely more important. I used to think you were a good broadcaster but now I donâ€™t know whether to call you out or check youâ€™re ok." 
"2022-11-20T18:49:00.000Z"||,|| "Every night, I was read to. Every Friday  https://t.co/xZM7kzBR4K" 
"2022-11-20T18:49:00.000Z"||,|| "@neilstone261 @jeffery4free @neilstone36 @theworldhasgo19 @mraleuphemism @ErichKays @tylerkingkade Thanks for admitting directly that you want govt to teach kids sex." 
"2022-11-20T18:49:00.000Z"||,|| "@Claytus_M @DanielRegha @instablog9ja ğŸ‡³ğŸ‡¬FREE HUSHPUPPiğŸ‡³ğŸ‡¬Music VideoğŸ‡³ğŸ‡¬OUT NOWğŸ‡³ğŸ‡¬On YoutubeğŸ‡³ğŸ‡¬ By STYLERViP #hushpuppi #stylervip #freehushpuppi https://t.co/zx7OsKKaSR" 
"2022-11-20T18:49:00.000Z"||,|| "Almost three months after part of a foot in a shoe was found floating in a Yellowstone National Park hot spring, the victim has been identified through DNA analysis.  https://t.co/NtoXSSXRxB" 
"2022-11-20T18:49:00.000Z"||,|| "RT @HasanMisbah12: @Lockupp3 When I let go of what I am, I become what I might be GET WELL SOON AMJAD GET WELL SOON KHANBHAI #Munjali httâ€¦" 
"2022-11-20T18:49:00.000Z"||,|| "RT @KyivIndependent: âš¡ï¸Times: Britain imports Russian oil worth over $230 million via legal loophole. Since the beginning of the full-scalâ€¦" 
"2022-11-20T18:49:00.000Z"||,|| "RT @fakedansavage: And we're going to keep fighting. Because if we're not safe behind the closed doors of a gay bar â€”Â if they can't let usâ€¦" 
"2022-11-20T18:49:00.000Z"||,|| "@kerry_jowitt Sending BIG HUGS xx" 
"2022-11-20T18:49:00.000Z"||,|| "I fear there will never be truly enough protection for the LGBTQ community! Hatred continues to spread like a virus and innocent lives continue to be lost! Sending condolences, prayers, and love to those who lost loved ones in the Colorado Springs shooting!" 
"2022-11-20T18:49:00.000Z"||,|| "what did you get? @Crypto_Dorky @MrPanguins @twtthiru @veJoshM @BellaFinexbox @daienzhi @Hakan_MEXC @dank_node @maria_defiyield @g6spot @jlh1416 https://t.co/je01iXPu8f" 
"2022-11-20T18:49:01.000Z"||,|| "@mrseagan1 Where did the team from the beginning do the season go?" 
"2022-11-20T18:49:00.000Z"||,|| "IF YOU WANT TO Ì–DRIVE A LOT OF TRAFFIC TO YOUR YOUTUBE CHANNEL,  ğŸ™ @VECHRISTEN1 @saint_justice @natesolon @emiliasbabe @itsmezaind @KitBowie LOOK AT THIS OUTSTANDING SERVICEğŸš€ https://t.co/D06Ej9iFbK https://t.co/ADqNLZOZcI" 
"2022-11-20T18:49:01.000Z"||,|| "I have often regretted my speech, never my silence." 
"2022-11-20T18:49:01.000Z"||,|| "@Weedwonder1 @0xBryant @EQLZeth For DenseDAO holders only" 
"2022-11-20T18:49:01.000Z"||,|| "His voice in this song is so healing i feel like sobbing every time" 
"2022-11-20T18:49:01.000Z"||,|| "RT @dreamxjosh: how you want it ğŸ˜© ? https://t.co/qdqAzmVWWt" 
"2022-11-20T18:49:01.000Z"||,|| "RT @arcaneshow: Thank you for being part of an unforgettable journey. #ArcaneAnniversary https://t.co/3Eb6lEw0Fn" 
"2022-11-20T18:49:01.000Z"||,|| "@Liz_Wheeler @realDonaldTrump If you're happy that Space Karen reinstated Trump then you're probably a dumb Nazi" 
"2022-11-20T18:49:01.000Z"||,|| "RT @johnpavlovitz: @laurenboebert How do you type with so much blood on your hands?" 
"2022-11-20T18:49:01.000Z"||,|| "@Nepxiv If its the source of the problem.. i might just do what you say o.o" 
"2022-11-20T18:49:00.000Z"||,|| "RT @dcmadoff: Great #irad program for #RSNA22! Looking forward to my session on #portalhypertension that will take place on Tuesday Novembeâ€¦" 
"2022-11-20T18:49:00.000Z"||,|| "RT @taeisthv: JUNGKOOK AT THE WORLD CUP, YOONGI HAS A CAT, JIMIN CAME HOME, TAEHYUNG AND TANNIE, NAMJOON AND HOBI WATCHING TOGETHERâ€¦ ARMY Tâ€¦" 
"2022-11-20T18:49:01.000Z"||,|| "Liberals become indignant when you quest  https://t.co/T3dpAA8tgE" 
"2022-11-20T18:49:01.000Z"||,|| "Isn't that the district where Obama placed a lot of his refugees? https://t.co/vzDLxw8mFl" 
"2022-11-20T18:49:01.000Z"||,|| "Liberals become indignant when you quest  https://t.co/Bl9xwRRNrr" 
"2022-11-20T18:49:00.000Z"||,|| "RT @knicks_tape99: Taking the risk to get thrown in middle eastern jail for an IPA is wild" 
"2022-11-20T18:49:02.000Z"||,|| "Quotes, research  and WHY we need poetry and music. Diana Farid @_artelixir #NCTE22 https://t.co/AxepAZzaeW" 
"2022-11-20T18:49:02.000Z"||,|| "@suckerfreeart stop by the rubell*" 
"2022-11-20T18:49:02.000Z"||,|| "@kal30960749 @TheodoreArtist @cz_binance @balajis I can't recall how i stumbled on this video, making alot eth from this so sharing because i don't know who it might help https://t.co/owoOTToucK" 
"2022-11-20T18:49:02.000Z"||,|| "RT @percichen: the eleventh harbinger https://t.co/PvAQCk06ce" 
"2022-11-20T18:49:01.000Z"||,|| "RT @haleyanne_: This is a beautiful shot of The Elite from Full Gear. https://t.co/zQpSZ6y7p3" 
"2022-11-20T18:49:02.000Z"||,|| "Juwan Johnson &gt; Jalen Ramsey" 
"2022-11-20T18:49:02.000Z"||,|| "and only woke considerably31 later, at the entrance of Cecil.    https://t.co/WrrHbRkuDu" 
"2022-11-20T18:49:02.000Z"||,|| "RT @craiglettuceman: Need gamer bf https://t.co/DjCL172Jly" 
"2022-11-20T18:48:57.000Z"||,|| "@JustAskChelsea You are sick." 
"2022-11-20T18:48:57.000Z"||,|| "@stillgray â€œThe lady doth protest too much, methinksâ€" 
"2022-11-20T18:49:02.000Z"||,|| "It's wonderful to travel with somebody t  https://t.co/0zJVNcOUkt" 
"2022-11-20T18:49:02.000Z"||,|| "RT @gawa_tyrone: @CathFitzG @GmUlster You r sick" 
"2022-11-20T18:49:02.000Z"||,|| "If you want your life to be more rewarding, you have to change the way you think." 
"2022-11-20T18:49:02.000Z"||,|| "@drwxx_ @fusefusefuss My tg: Raf Mo" 
"2022-11-20T18:49:02.000Z"||,|| "RT @DLopezsocialwrk: White USians who move to Puerto Rico with no ties to the island besides exploitation are characterized by: -A genuineâ€¦" 
"2022-11-20T18:49:02.000Z"||,|| "RT @tuyoki: miqo'tem spotted at the Forgotten Knight (ffxiv) https://t.co/Rl7pjS0TZ8" 
"2022-11-20T18:49:02.000Z"||,|| "RT @mahistanaccount: This season is one of the most biased BB season since the beginning.. Unfairly evicting the person who got the highestâ€¦" 
"2022-11-20T18:49:03.000Z"||,|| "RT @luckymarrowb: modern LWJ getting drunk and buying two of these beautiful $320 wicker chicken bags. he recalls nothing. three weeks lateâ€¦" 
"2022-11-20T18:49:03.000Z"||,|| "@slayer_agolf Unless Iâ€™m mistaken, they havenâ€™t said Trumpâ€™s name. Cowardice." 
"2022-11-20T18:49:03.000Z"||,|| "Officer that card something nature oil debate identify professor relationship represent north half. https://t.co/qW8ZF8xgB2" 
"2022-11-20T18:49:03.000Z"||,|| "Montana or New Mexico?  Which state do you prefer??" 
"2022-11-20T18:49:03.000Z"||,|| "Please retweet my tweets and I will post more sex pictures and videos here #horny #ass #sexting #dick #cock #sendnudes #nudes #dmme #cum #naked #bigdick #bigcock #sex #porn #hard #teen #milf #hmu #sexy #nsfw #dickpic #dickrate #cockrate   #tradenudes #PINTOAWARDS #British" 
"2022-11-20T18:49:03.000Z"||,|| "@bubblyeo alright oomf what abt u" 
"2022-11-20T18:49:03.000Z"||,|| "Iâ€™m sleepy, one more episode and Iâ€™m good to goo" 
"2022-11-20T18:49:03.000Z"||,|| "RT @Emersonchampi10: Pay Interns Hazard Allowance now! Interns do major works in d hospital &amp; most exposed to hazards. #PayInternsHazardAlâ€¦" 
"2022-11-20T18:49:03.000Z"||,|| "RT @NBCSportsSoccer: JUNG KOOK! The #BTS star performed "Dreamers," the official song for the 2022 #WorldCup, at the Opening Ceremony. httâ€¦" 
"2022-11-20T18:49:03.000Z"||,|| "@Olamide_ivy @jon_d_doe Fresh tomato ğŸ˜‚ğŸ˜‚ğŸ¤£" 
"2022-11-20T18:49:03.000Z"||,|| "RT @Bhayes3323: My niece is in the stage of falling asleep on the phoneâ€¦Im in the stage of hanging up and blocking em for her. https://t.coâ€¦" 
"2022-11-20T18:49:03.000Z"||,|| "Hi friends! How long does it take to receive your Twitter data archive after you request it? Been a few days for me, and still nothing ğŸ‘€" 
"2022-11-20T18:49:03.000Z"||,|| "@cryptobi10 @arbitrum When will you deploy all these stablecoins? ğŸ‚" 
"2022-11-20T18:49:03.000Z"||,|| "@beautyetukura Love me some beauty ğŸ˜â¤ï¸ I can't trade you for anything baby ğŸ’¯" 
"2022-11-20T18:49:03.000Z"||,|| "This is heat! @mark_ludens @Robert_0_0_0_0 @Gemma23199763 @TheCryptoTrade8 @canavaluopku @subratachase1 @haraldvander @cloudedmindz1 @StefanBlancoM @yyds758758 @EMC47595782 https://t.co/yQv8WAnQU3" 
"2022-11-20T18:49:03.000Z"||,|| "RT @gradydoctor: 6/ You leaned over and tapped your security officer badge to the pad and the arm flew open.  Me: â€œI so appreciate you.â€â€¦" 
"2022-11-20T18:49:03.000Z"||,|| "RT @nxwnvr: quality time ğŸ¤ physical touch  watching a movie together while cuddled up, trailing fingers on each othersâ€™ skin." 
"2022-11-20T18:49:03.000Z"||,|| "RT @minakimes: Jeff Saturday telling his offense to run the ball https://t.co/Ceo6QoFlMU" 
"2022-11-20T18:49:02.000Z"||,|| ""Perhaps I am; on the other hand, perhaps I   #å¼€äº‘ #ä¸–ç•Œæ¯ #AGçœŸäºº   https://t.co/TV7NeLuyI0" 
"2022-11-20T18:49:03.000Z"||,|| "RT @rgpoulussen: Concentration of castles in Europe. https://t.co/UXXoNOAX4h" 
"2022-11-20T18:49:03.000Z"||,|| "RT @Rafa_Mangual: Progressives be like: â€œtHiS iS FInE.â€ But at some point, those who (1) canâ€™t afford to avoid the subway and (2) donâ€™t wiâ€¦" 
"2022-11-20T18:49:03.000Z"||,|| "Collect their money and vote your conscience!!! https://t.co/1sNdhvopus" 
"2022-11-20T18:49:03.000Z"||,|| "@RepMTG You can get off your knees now." 
"2022-11-20T18:49:03.000Z"||,|| "RT @TheDemocrats: Join us in wishing President @JoeBiden a happy birthday! ğŸ˜ https://t.co/GCswAnfE4q" 
"2022-11-20T18:49:03.000Z"||,|| "RT @aintscarylarry: Ainâ€™t that cute. Eric trump is bragging that his disgusting criminal terrorist dad has more followers on twitter than Pâ€¦" 
"2022-11-20T18:49:03.000Z"||,|| "#ä¹Œé²æœ¨é½ #å­—æ¯åœˆ   https://t.co/1nLCXEPpMl New better thing off law finish. ğŸ¤ğŸ˜„ğŸ˜†ğŸ¤ğŸ’Œ" 
"2022-11-20T18:49:03.000Z"||,|| "im killing both myself and her https://t.co/sdZ8s2PhKK" 
"2022-11-20T18:49:03.000Z"||,|| "I'm claiming testnet tokens for @zksync v2, an EVM-compatible ZK Rollup! My Address: 0x6c3f26ae7312ca3602697557786c5eb760fc2542 Learn more:  https://t.co/hiOIZ7ew4o" 
"2022-11-20T18:49:03.000Z"||,|| "i worked with my mouse @cvnnr222 @_Wolf1x94 @AlpacinoDp @HazyDuneDovah @Queena_Lon @darithedev @bennylavalives @rosyperfecty https://t.co/mwDsNUBV7N" 
"2022-11-20T18:49:04.000Z"||,|| "RT @TheRickyDavila: Clarence Thomas and Samuel Alito belong in jail, not in SCOTUS. Good morning. â˜•ï¸" 
"2022-11-20T18:49:04.000Z"||,|| "hed30 it. When he arrived at Merevale's, he went first to the   #ä¸–ç•Œæ¯ç›´æ’­ #ä¸–ç•Œæ¯èµ›ç¨‹ #ä¸–ç•Œæ¯æŠ•æ³¨å¹³å°    https://t.co/MQWitSUfQe" 
"2022-11-20T18:49:04.000Z"||,|| ""Bring me food, child," she said; "I want you to wait o  #ä¸–ç•Œæ¯ç›´æ’­ #ä¸–ç•Œæ¯èµ›ç¨‹ #ä¸–ç•Œæ¯æŠ•æ³¨å¹³å°    https://t.co/OvtbWvSoZV" 
"2022-11-20T18:49:04.000Z"||,|| "RT @alx: @JudiciaryGOP @laurenboebert @RepTroyNehls, @sofiaicarbone @realJoelValdez, @RyanAFournier, @alexbruesewitz, @realDerekUtley @Brenâ€¦" 
"2022-11-20T18:49:04.000Z"||,|| "My favorite movies of all times is 'Doct  https://t.co/8ElFLkxrLb" 
"2022-11-20T18:49:04.000Z"||,|| "Carl Lawson watching the ball instead of jumping on it is crazy" 
"2022-11-20T18:49:04.000Z"||,|| "RT @hyunsmandu: I was enchanted to meet you... https://t.co/AQMrGn3JXy" 
"2022-11-20T18:49:04.000Z"||,|| "RT @CultistTown: Joy riding~ Gotta be one of my fav pieces so far! Commend by: @kitbals https://t.co/qpJARj0jfa" 
"2022-11-20T18:49:04.000Z"||,|| "@JeanelleHelwig Are you, are you Coming to th" 
"2022-11-20T18:49:04.000Z"||,|| "RT @ITZYofficial: ITZY &lt;CHESHIRE&gt; CONCEPT PHOTO #2 #CHAERYEONG #ì±„ë ¹ â˜‘ RELEASE 2022.11.30 WED 6PM (KST) | 4AM (EST) â˜‘ PRE-SAVE &amp; PRE-ORDERâ€¦" 
"2022-11-20T18:49:04.000Z"||,|| "@Cneyt50511548 @minealphacoin There is a new mining application called Lucky token 500M in supply, I think, just started https://t.co/8HA3Ut0ANp" 
"2022-11-20T18:49:04.000Z"||,|| "RT @10vemittens: Is ten aware he sent this in bbl? Cause i'm here thinking damnnn he might've opened the purple app by mistake and this mesâ€¦" 
"2022-11-20T18:49:04.000Z"||,|| "RT @LullabyWeb3: I will join the project with the most active community! Which of these has the strongest community ğŸ‘€ğŸ§¹ â€¢ @InfectedMob  â€¢ @â€¦" 
"2022-11-20T18:49:04.000Z"||,|| "@LenoriDude @noclador I think it's still in trials, but I sure hope it will be available. I've witnessed how somebody with cpss went from a walking husk to a healthy person." 
"2022-11-20T18:49:04.000Z"||,|| "How you love yourself is how you teach o  https://t.co/sA40esx0hP" 
"2022-11-20T18:49:04.000Z"||,|| "Rt,call  #talkximg" 
"2022-11-20T18:49:04.000Z"||,|| "RT @HYBE_LABELS_JP: [&amp;TEAM] 'Under the skin' Official Teaser 3 https://t.co/YqepONrWBn 2022.11.22 0:00 JST/KST #Under_the_skin #andTEAMâ€¦" 
"2022-11-20T18:49:04.000Z"||,|| "@BraylonColgrove @DebbieBurleson4 Boomer Sooner!" 
"2022-11-20T18:49:04.000Z"||,|| "RT @MericaMadness: House GOP needs to:  - Keep 1/6 committee  - seize every document they have  - replace members of it (obviously)  - subâ€¦" 
"2022-11-20T18:49:04.000Z"||,|| "RT @30SecBestFights: Wait for it.... ğŸ˜‚ğŸ˜‚ğŸ˜‚ https://t.co/LYgoFDUhZ2" 
"2022-11-20T18:49:04.000Z"||,|| "RT @rorokonaa: version swap #Dottore https://t.co/WrR4YOOpi0" 
"2022-11-20T18:49:04.000Z"||,|| "RT @k_katie2: Me riding and taking every inch of Daddy's hard, long cock while mommy watches and record the fun with her phone. Don't I jusâ€¦" 
"2022-11-20T18:49:05.000Z"||,|| "@KevinTKinsella trump stole classified documents to sell to adversaries. US CIA agents have been exposed and killed.... who do YOU suppose provided that information? Take your stupidity elsewhere." 
"2022-11-20T18:49:05.000Z"||,|| "RT @JoeHollywood: I bred the s of a b Raw! More @ https://t.co/FJazoL8CU4 https://t.co/ty52woi4BX" 
"2022-11-20T18:49:05.000Z"||,|| "RT @PopBase: TIME names â€˜Un Verano Sin Tiâ€™ by Bad Bunny the best album of 2022. https://t.co/a4XUBoaVgg" 
"2022-11-20T18:49:05.000Z"||,|| "RT @off_BAMBOO: Why do I love them so much? Lol https://t.co/IUtI0TZeRU" 
"2022-11-20T18:49:05.000Z"||,|| "RT @t0nit0ne: Donâ€™t forget to celebrate your partner. https://t.co/G6B9U9MGzr" 
"2022-11-20T18:49:05.000Z"||,|| "RT @JennyJa68915279: ğ•´ ğ–‘ğ–”ğ–›ğ–Š ğ–‡ğ–†ğ–‡ğ–ğ–Šğ–˜, ğ–†ğ–“ğ–‰ ğ•´ https://t.co/3h2sfZWEQF ## #ì§€êµ¬ì—ì„œë…„ì§€ì„±ì•„_í™˜ì˜í•´ https://t.co/cPXGRhCxMq" 
"2022-11-20T18:49:05.000Z"||,|| "RT @TINA24120: @ayank5418 @Khan1rayees @AmjadAzmi18 If you can't be real with yourself, why should others be real with you? GET WELL SOON Aâ€¦" 
"2022-11-20T18:49:05.000Z"||,|| "@Banned__Drew ğŸ¤£ğŸ˜…ğŸ˜† I hear ya!!" 
"2022-11-20T18:49:05.000Z"||,|| "RT @Royalacresrod: @MingleDandy @MartinBrampton @ianbrow97534170 @DynamiteOld @BrknMan @CCross1776 @bsec_wales @cLIEmatechange @KeillerDonâ€¦" 
"2022-11-20T18:49:05.000Z"||,|| "RT @thewinkies1: #REMINDER Winkybots NFT Fest ROUND 2 IS STILL LIVE!! ğŸ”¥ ğŸ’™ For NFT Winkybots holders only (https://t.co/82NVzfq6zuâ€¦) ğŸ’™ 25,â€¦" 
"2022-11-20T18:49:05.000Z"||,|| "to St Austin's. Charteris, having once more invoked238 the name of his  #å¼€äº‘ #ä¸–ç•Œæ¯ #äºšåš  https://t.co/OMmxIE29S8" 
"2022-11-20T18:49:05.000Z"||,|| "Without you, all the people are the same #å—å®   dKrKtMxXi   https://t.co/ixlVKPisI2" 
"2022-11-20T18:49:05.000Z"||,|| "@real_lord_miles Gimme like an hour" 
"2022-11-20T18:49:05.000Z"||,|| "RT @EmpireStateBldg: The lights are so bright but they never blind me https://t.co/jqqZzyQu2w" 
"2022-11-20T18:49:05.000Z"||,|| "@ardentlyviolent Ca va it is over now, take a break, have a walk, get some fresh air ğŸ˜‚" 
"2022-11-20T18:49:06.000Z"||,|| "@norbynft @StephenKing I agree with you fully and believe you're right but I keep looking at all of these shootings and they're all done with the ar-15.... what do you think it could be? the water?" 
"2022-11-20T18:49:06.000Z"||,|| "I'm voting for #OneDirection "Story Of My Life" (2013) for #AMAsFanFavoriteÂ    at the #AMAsÂ  ğŸ’šğŸ’™â¤ï¸ğŸ‡®ğŸ‡ªğŸ’›" 
"2022-11-20T18:49:06.000Z"||,|| "RT @raphousetv2: RIP John David Frank The Green Power Ranger Has Passed AwayğŸ’”ğŸ™ğŸ¾ğŸ•Šï¸ His Cause of Death has not been revealed. https://t.co/Yâ€¦" 
"2022-11-20T18:49:05.000Z"||,|| "@nishiskart I have po ^^ yellow boxes must be paired w 2 or more non indemand pcs dop: dec 1 | mod: any https://t.co/C9mM3mMlSD" 
"2022-11-20T18:49:06.000Z"||,|| "RT @SoniaBe81708735: ğ–†ğ–“ğ–‰ ğ–‡ğ–  https://t.co/e2p4MO87oc ## ##ì§€êµ¬ì—ì„œë…„ì§€ì„±ì•„_í™˜ì˜í•´ https://t.co/uD3yCRnKv8" 
"2022-11-20T18:49:06.000Z"||,|| "RT @ariieevanitii: Niggas be so shocked when they find out I'm funny like surpriseeee I'm way funnier then you ğŸ˜‚" 
"2022-11-20T18:49:06.000Z"||,|| "RT @KSI: January 14th 2023.  Itâ€™s that time again. Time to shut Dildo Danis up for good and add another infinity stone to my collection beâ€¦" 
"2022-11-20T18:49:06.000Z"||,|| "Currently 86 million followers would disagree https://t.co/vCiwyDZNSl" 
"2022-11-20T18:49:06.000Z"||,|| "RT @RBReich: Musk is not exactly Donald Trump.  But both represent the emergence of a particularly American personality in the early decadâ€¦" 
"2022-11-20T18:49:06.000Z"||,|| "RT @wokestbloke: The posts that are like â€œinstead of fixing Twitter we should rebuild irl communitiesâ€ are so funny. Like Iâ€™m going to walkâ€¦" 
"2022-11-20T18:49:06.000Z"||,|| "RT @Stephen09091843: ğ–‡ğ–ğ–—ğ–™ğ–ğ–—ğ–†ğ–™ğ–Š ğ–“ğ–ğ–Œğ–ğ–™ğ–ğ–“ğ–Œğ–†ğ–‘ğ–Šğ–˜ ğ–†ğ–‹ğ–—ğ–†ğ–ğ–‰ğ•¬ğ–‹ğ–—ğ–†ğ–ğ–‰ https://t.co/Um5lLgfhtM ## ##ì§€êµ¬ì—ì„œë…„ì§€ì„±ì•„_í™˜ì˜í•´ https://t.co/uTEMtdxpqi" 
"2022-11-20T18:49:06.000Z"||,|| "@elonmusk Not everybody follows you lol and with good reason." 
"2022-11-20T18:49:06.000Z"||,|| "RT @DatingDesperado: Guilty ğŸ‚ğŸ™ˆ https://t.co/eTw3Gv0has" 
"2022-11-20T18:49:06.000Z"||,|| "RT @CHOIOFFICIALRP: â €â €â € â €â €â € â € Ëšâ‚ŠÂ· ÍŸÍŸÍÍâ³â¥ #CHOI_MEMBERS  á… ã…¤ That little star has been with us from the very beginning and still shines. Meâ€¦" 
"2022-11-20T18:49:06.000Z"||,|| "RT @Charles_Leclerc: 2nd in the Driver and Teamâ€™s Championship. We did the best race possible and for that Iâ€™m happy.  Thank you for all thâ€¦" 
"2022-11-20T18:49:06.000Z"||,|| "@BTCHabercom @_ErkanOz Ã¯Â»Â¿Thankss a millon https://t.co/si2aJgsPhj" 
"2022-11-20T18:49:06.000Z"||,|| "@Everystepalong @scfc_women A professional performance from the groupâ€¦makes for a happy Sunday lads ğŸ˜„ğŸ‘ğŸ¼ğŸ”´âšªï¸" 
"2022-11-20T18:49:06.000Z"||,|| "WE DID IT FAM! @szerszen777 @muruganve @winssuve @jojojo323232 @new_mannnn @AbdennacerAli @rhyobejoke @akaskiduo @PlsWin_1x @GrayemE @Sauravpal03 https://t.co/WuJCMp5jjL" 
"2022-11-20T18:49:06.000Z"||,|| "@hodgetwins @elonmusk Absolutely!" 
"2022-11-20T18:49:06.000Z"||,|| "RT @txtvotingcrew: ğŸ«¶ RETWEET/REPLY! This will be ending soon at 11am kst!  I'm voting for TOMORROW X TOGETHER (@TXT_members) for Favoriteâ€¦" 
"2022-11-20T18:49:06.000Z"||,|| "RT @thebradfordfile: Absolutely everything they told you about January 6th is a lie." 
"2022-11-20T18:49:07.000Z"||,|| "@Neyu_smalls Itâ€™s  deliberate." 
"2022-11-20T18:49:07.000Z"||,|| "RT @TheCoachNWard: I love my watching my Midlothian Panthers win...pulled of the 3rd round win last night!...but I was raised in South Oakâ€¦" 
"2022-11-20T18:49:07.000Z"||,|| "RT @BT0731: Baby elephant disrupting a TV reporter is the best part of today. https://t.co/DseqitxoG9" 
"2022-11-20T18:49:07.000Z"||,|| "RT @ZilvenArt: Design and concept art for our next fursuit head. He will be looking for a new home by the end of October. Details will follâ€¦" 
"2022-11-20T18:49:07.000Z"||,|| "RT @samthielman: Oh boy, $150,000! https://t.co/Xn81HiPd8I" 
"2022-11-20T18:49:07.000Z"||,|| "A life with one foot after the other one was amputated by US military planes. #Yemen #WorldChildrensDay #Ø§Ù„ÙŠÙˆÙ…_Ø§Ù„Ø¹Ø§Ù„Ù…ÙŠ_Ù„Ù„Ø·ÙÙ„ https://t.co/CJl8sN3vgd" 
"2022-11-20T18:49:07.000Z"||,|| "RT @Melissa46110848: ğ•´ ğ–‘ğ–”ğ–›ğ–Š ğ–’ğ–Šğ–Šğ–™ğ–ğ–“ğ–Œ ğ–•ğ–Šğ–”ğ–•ğ–‘ğ–Š, ğ–†ğ–“ https://t.co/M8hReM3xjG ## ##ì§€êµ¬ì—ì„œë…„ì§€ì„±ì•„_í™˜ì˜í•´ https://t.co/xengA9Ol3j" 
"2022-11-20T18:49:07.000Z"||,|| "@shawncbrown @dadofoscar @QuentinWillson @Tuskerdirect @fairchargeuk @RACPress Gearbox and drivetrain checked especially mounts due higher torque than most ICE vehicles" 
"2022-11-20T18:49:07.000Z"||,|| "@DaTruthDT That first one trying to make me act ip" 
"2022-11-20T18:49:07.000Z"||,|| "@CNN Was he arrested?" 
"2022-11-20T18:49:06.000Z"||,|| "Heard â€˜I love youâ€™ and boy did I cringeâ€¦.." 
"2022-11-20T18:49:07.000Z"||,|| "RT @ankitisbae: Ankit wanted to punch Salman's face so bad during the whole segment and pri was taking it all the basing with smile ğŸ˜­ğŸ˜­ğŸ˜‚ #Prâ€¦" 
"2022-11-20T18:49:07.000Z"||,|| "Oh SKâ€¦.. #LoveisBlind #LoveisBlindSeason3 https://t.co/KA1wNoM3fC" 
"2022-11-20T18:49:07.000Z"||,|| "We always think that life owes us a "satisfaction". In fact, it is an "effort" that we owe to life.  zcoqc #æ¨ç‰¹åˆ·ç²‰ https://t.co/kIaVPO1cmn" 
"2022-11-20T18:49:07.000Z"||,|| "RT @HackneyAbbott: There is money left. But it is in the hands of those companies making huge profits but not paying their share of taxes.â€¦" 
"2022-11-20T18:49:04.000Z"||,|| "@WimShakespeare @vc_saleh big love my friend ğŸ’™ğŸ’™" 
"2022-11-20T18:49:08.000Z"||,|| "https://t.co/X85gDyaNWk Budget find research them smile." 
"2022-11-20T18:49:08.000Z"||,|| "RT @moonlighthaje: QJJ Vietnamese ver Book 3 cover is so pretty!!! â¤ï¸  #å°†è¿›é…’ #qjj #qiangjinjiu https://t.co/lUarjlgfpV" 
"2022-11-20T18:49:08.000Z"||,|| "RT @Noordzeemeisje: @AMAs @onedirection @BTS_twt @ABCNetwork I was the first For ONE DIRECTION I'm voting for #OneDirection "Story Of My Liâ€¦" 
"2022-11-20T18:49:08.000Z"||,|| "@CallofDuty When 4 player DMZ ?" 
"2022-11-20T18:49:08.000Z"||,|| "RT @777jorgeivan: To anybody I hurt this year, I just wanna say you deserve it. Stop playing with me." 
"2022-11-20T18:49:08.000Z"||,|| "RT @Victorshi2020: Republicans offer their thoughts &amp; prayers. But Gen Z can see right through their feigned sympathy. We know the vast majâ€¦" 
"2022-11-20T18:49:08.000Z"||,|| "The Lions take advantage of the penalty and force a punt. Ben Johnson, letâ€™s see it" 
"2022-11-20T18:49:07.000Z"||,|| "RT @megaxmite: Feels like a day for reading #manga outside~ #foodwars #cosplay #erinanakiri https://t.co/Mwx6HQDa7b" 
"2022-11-20T18:49:08.000Z"||,|| "RT @jkscupofmilk: i want someone to support me as much as the tannies support eachother" 
"2022-11-20T18:49:08.000Z"||,|| "@KingzV2_ Gg goat" 
"2022-11-20T18:49:08.000Z"||,|| "@Melissa46110848 How you love yourself is how" 
"2022-11-20T18:49:08.000Z"||,|| "ãƒ¼ @SoraBakugo. NOOOO, I WOULD NEVAAAAAHâ€¼ï¸ ( yes. )" 
"2022-11-20T18:49:08.000Z"||,|| "RT @HeyItsRiyaa_: U know why I call priyanka my favorite in bb16 Cuz she is caring, have empathy, supportive, confident,straight forward,loâ€¦" 
"2022-11-20T18:49:08.000Z"||,|| "RT @DDuggan21: Giants announce that Tyre Phillips is questionable to return with a neck injury, so Matt Peart takes over there. Meanwhile,â€¦" 
"2022-11-20T18:49:08.000Z"||,|| "RT @FandomMenaceLs: guys Twitter's copyright strike system is broken so here's the full Spongebob Pizza Delivery episode https://t.co/JxjoCâ€¦" 
"2022-11-20T18:49:08.000Z"||,|| "@JohnWar38826577 @acwzywabit @joncoopertweets You know your perception of Truth who knows if it's real" 
"2022-11-20T18:49:08.000Z"||,|| "Kerr for Thibs? Lol https://t.co/M9s2UU0OPR" 
"2022-11-20T18:49:08.000Z"||,|| "RT @miiniyoongs: Suga commented on Jungkookâ€™s live: ğŸ° jungkookâ€™s all grown up https://t.co/SM7RGt8F5b" 
"2022-11-20T18:49:09.000Z"||,|| "@BarrySBrunswick Add the word "algorithm" and it seems like all is seen then. Lol" 
"2022-11-20T18:49:09.000Z"||,|| "@MrPotatoHead_SJ Looks more like a lifetime movie to meğŸ˜‚ğŸ˜‚" 
"2022-11-20T18:49:08.000Z"||,|| "A person is mourning the loss of a friend of theirs, and of all tweets you have some shit to say about their workplace.  Then proceed to tell me to chill when I called you out for it?  Kindly gtfo Twitter if youâ€™re going to be a stain on society. https://t.co/KHvSwPhi3x" 
"2022-11-20T18:49:09.000Z"||,|| "RT @iluminatibot: Investigators have alleged Adrenochrome is harvested from some of the 400,000 children who are reported as missing in theâ€¦" 
"2022-11-20T18:49:09.000Z"||,|| "RT @jawnnthadonn: i be having less to say everyday fr." 
"2022-11-20T18:49:09.000Z"||,|| "RT @MNUFootball_: Congratulations to JR-DB- Anthony Sao on being named 1st Team All-Conference!!! https://t.co/kp7x016YAk" 
"2022-11-20T18:49:09.000Z"||,|| "RT @offgunie_babii: gun's smirk tho screams:"YES, I'M HOLDING MY MAN'S HAND.. JEALOUS?"  OKAY GUN HE'S ALL YOURS ğŸ˜­ #à¹„à¸«à¸™à¸§à¹ˆà¸²à¹„à¸¡à¹ˆà¸Šà¸­à¸šà¸ˆà¸±à¸šà¸¡à¸·à¸­ #à¸­à¸­â€¦" 
"2022-11-20T18:49:09.000Z"||,|| "s sake slip upstairs and put on your best 'Su  #å¼€äº‘ #ä¸–ç•Œæ¯ #BGçœŸäºº    #ä¸–ç•Œæ¯æ­å¹•æˆ˜ #ä¸–ç•Œæ¯å¼€å¹•æˆ˜ #å¡å¡”å°”vså„ç“œå¤šå°” https://t.co/rwkVOUcea2" 
"2022-11-20T18:49:09.000Z"||,|| "Help me win this awesome campaign from @NYXS_io https://t.co/e8Ey0twHC0" 
"2022-11-20T18:49:09.000Z"||,|| "I came to all the realizations about sus  https://t.co/KpoxvEgCND" 
"2022-11-20T18:49:09.000Z"||,|| "@senatorbabet Dans gonna win! Looking forward to your meltdown." 
"2022-11-20T18:49:09.000Z"||,|| "@Sophie_C90 Yep I'm on there" 
"2022-11-20T18:49:08.000Z"||,|| "she is the sun! https://t.co/EL9mr7dl7J" 
"2022-11-20T18:49:09.000Z"||,|| "RT @RichardJMurphy: But let me explain what really worries me. As we know Hunt has focused all his attention on government debt and pacifyiâ€¦" 
"2022-11-20T18:49:09.000Z"||,|| "RT @beefy_sf: I love getting fucked by this stud https://t.co/EreA3uG0du" 
"2022-11-20T18:49:10.000Z"||,|| "RT @Genet73100603: Women of Tigray asks all human rights bodies and womenâ€™s organizations to amplify some sorts of calls in solidarity withâ€¦" 
"2022-11-20T18:49:10.000Z"||,|| "@maria_avdv @GaberYevgeniya @timjudah1 ğŸ’™ğŸ‡ºğŸ‡¦ğŸ’›ğŸŒ»ğŸ’ªğŸ’™ğŸ«‚â¤ğŸ‡¨ğŸ‡µğŸ‡ªğŸ‡ºğŸŒ» With love from France â€¼ï¸â€¼ï¸â€¼ï¸" 
"2022-11-20T18:49:10.000Z"||,|| "@big3fromthe6 @thoughtfulbae He probably stole your girl didnâ€™t he" 
"2022-11-20T18:49:09.000Z"||,|| "RT @beranco191: Gonna sit ? Rt iff u agree  https://t.co/Ds0hoNL3V2 https://t.co/Q2ZlvHoa0u https://t.co/ZkDVRtdN6I" 
"2022-11-20T18:49:10.000Z"||,|| "@HermitVelcro @RogersWork @brdwchisbldeagl @oneunderscore__ @reportbywilson Google the Catholic Church and Southern Baptist Convention." 
"2022-11-20T18:49:10.000Z"||,|| "RT @taekookfolder: Jungkook live &amp;&amp; his Dreamer cake ğŸ¥ºâ¤ï¸ https://t.co/SKSKuWM87P" 
"2022-11-20T18:49:10.000Z"||,|| "JUWAN JOHNSON!!!!!!" 
"2022-11-20T18:49:10.000Z"||,|| "@AndrewSiciliano show the fuckin eagles game. Commanders are on the 35 and so are eagles and you show commandersâ€¦ wtf ????" 
"2022-11-20T18:49:09.000Z"||,|| "THROUGH TIME, no other humans have had their HAIR policed as appropriate. This is the result of THAT conversationâ€¦.  #koic  #blacklinkedin #blacktwitter @AnnMarieR2 @RunningWatersCl @GangsterFine https://t.co/wENXjtViAY" 
"2022-11-20T18:49:10.000Z"||,|| "My mom so overprotective of me she literally goes insane when I go somewhere by myself and Iâ€™m just like mother I fear nothing like baby Iâ€™m good ğŸ¤£ğŸ¤£" 
"2022-11-20T18:49:10.000Z"||,|| "RT @Moa_Staar: Vamos moanitas TXT no se debe ir hoy sin su primer premio AMAs  I'm voting for TOMORROW X TOGETHER (@TXT_members) for Favoriâ€¦" 
"2022-11-20T18:49:10.000Z"||,|| "@AMAs @onedirection @BTS_twt @ABCNetwork Iâ€™m voting for #OneDirection (@onedirection)'s "Story Of My Life" (2013) for #AMAsFanFavorite   performance at the #AMAs Six" 
"2022-11-20T18:49:10.000Z"||,|| "In short, all aspects of their game. ğŸ˜‚ğŸ˜‚ https://t.co/sQFbNVYFrp" 
"2022-11-20T18:49:10.000Z"||,|| "RT @kishosamurai: â€ŒA NEW WAY TO MANAGE Whirlpool: A wallet, staked before launch, containing 5% of the total $FATHOM supply and will holdâ€¦" 
"2022-11-20T18:49:10.000Z"||,|| "Words of love, are works of love.  https://t.co/TATpBSV0yG" 
"2022-11-20T18:49:10.000Z"||,|| "RT @CharriseJLane: You all are weird for saying I shouldnâ€™t talk about this on my page. The reason why it still happens in the Black Commuâ€¦" 
"2022-11-20T18:49:10.000Z"||,|| "@CBSNewsPress Losers." 
"2022-11-20T18:49:10.000Z"||,|| "attered on th3  A0.0apeCB0B  https://t.co/F2NuV4wq6p" 
"2022-11-20T18:49:10.000Z"||,|| "RT @BritishViperr: Rip Tommy! Jason David Frank! https://t.co/dQUHDB8xMy" 
"2022-11-20T18:49:11.000Z"||,|| "RT @MySportsUpdate: Kenny Golladay just caught a pass and #Giants fans went wild. Gave him a standing ovation and everything.    (ğŸ¥ @BobbySâ€¦" 
"2022-11-20T18:49:11.000Z"||,|| "RT @fasc1nate: A fish in a drop of water on a lotus leaf. https://t.co/A4PlTEyMPn" 
"2022-11-20T18:49:11.000Z"||,|| "RT @JoelWBerry: When you read Trumpâ€™s Twitter feed and realize he never incited an insurrection https://t.co/IFo48AEso1" 
"2022-11-20T18:49:11.000Z"||,|| "RT @AqramJam: Anyway In that Nudes leaked video, that thing the gal opened wasnâ€™t pussy, it was a man made Hole Drilled in a human Body." 
"2022-11-20T18:49:11.000Z"||,|| "@Gazby77 @JLDawson1989 @piersmorgan Then don't watch the opening ceremony." 
"2022-11-20T18:49:11.000Z"||,|| "RT @PuroresuFlow: Jamie Hayter vs. KAIRI at Forbidden Door in 2023! New agenda begins today. https://t.co/BPRO9Cp8CA" 
"2022-11-20T18:49:11.000Z"||,|| "RT @JennyJa68915279: ğ•´ ğ–‘ğ–”ğ–›ğ–Š ğ–†ğ–“ğ–ğ–’ğ–†ğ–‘ğ–˜ ğ–†ğ–“ğ–‰ ğ–‹ https://t.co/3h2sfZW717 ## #ì§€êµ¬ì—ì„œë…„ì§€ì„±ì•„_í™˜ì˜í•´ https://t.co/v65pHVhhZH" 
"2022-11-20T18:49:11.000Z"||,|| "RT @RealityKing890: When Shalin asked Shiv that Soundarya will come to you now. Shiv replied "esa kuch mat soch, we share a buddy relationsâ€¦" 
"2022-11-20T18:49:11.000Z"||,|| "RT @ladycuntingham: the most interesting thing about louis IS harry... for multiple reasons and I think y'all are fully aware of that. httpâ€¦" 
"2022-11-20T18:49:11.000Z"||,|| "conscientize consequently #ä¸Šæµ· questionable #ç¦å·  zowie consequently https://t.co/zXZ6JnbVew" 
"2022-11-20T18:49:11.000Z"||,|| "But whatever!!!!!" 
"2022-11-20T18:49:11.000Z"||,|| "And yâ€™all not betting ND and Oregon so where we go from here? https://t.co/rNivKaow0y" 
"2022-11-20T18:49:11.000Z"||,|| "RT @ChrisYoungMusic: Excited to be a part of the @CampingWorld Concert Series on September 29th! Tune in every Tuesday and watch a live conâ€¦" 
"2022-11-20T18:49:10.000Z"||,|| "we are the dreamers https://t.co/ubLPV4TiGA" 
"2022-11-20T18:49:11.000Z"||,|| "@DON__WYOMING @mdfzeh Another obese US moron who think he knows better but live in a country whose army was beaten by cave men. Remember when you shit your pants when Belgorod disapeard??? Probably not because you shit your pants daily  https://t.co/V8PySecKdF" 
"2022-11-20T18:49:10.000Z"||,|| "FIGHT ME CONOR BENN https://t.co/qwdK5tB0DE" 
"2022-11-20T18:49:11.000Z"||,|| "@MsGermany_ â€œ NO BALLS YOU WILL. YOU KNOW ZHEY WONT BELIEVE YOU!! â€œ" 
"2022-11-20T18:49:10.000Z"||,|| "RT @drsimonegold: Itâ€™s a dangerous time in history when physicians are â€œinvestigatedâ€ for sharing medical information that is supported byâ€¦" 
"2022-11-20T18:49:11.000Z"||,|| "RT @PoemHeaven: believe me.. https://t.co/hkO5NWMZxN" 
"2022-11-20T18:49:11.000Z"||,|| "RT @AdaIbeh_AsaGil: Who go help us beg Oga bayi?? I no wan tag anybody abeg but we need volunteers please ğŸ˜….  WE LOVE YOU SHEGGZ  #SheggzOâ€¦" 
"2022-11-20T18:49:11.000Z"||,|| "Looks like it's a comeback afterall ğŸ”¥ğŸ”¥ https://t.co/swIrh7mXjo" 
"2022-11-20T18:49:12.000Z"||,|| "RT @Giants: Justin Tuck in the building â€¼ï¸ https://t.co/3zcjaLomKv" 
"2022-11-20T18:49:12.000Z"||,|| "RT @arunpudur: Is it true that Pocso Accused @zoo_bear begged Elon Musk to invest in Indian media? ğŸ¤¡ Even though he lives in India, he shoâ€¦" 
"2022-11-20T18:49:12.000Z"||,|| "RT @CryptoCapo_: Capitulation has just started imo. This week is going to be decisive. I'm 100% out of the market." 
"2022-11-20T18:49:12.000Z"||,|| "RT @LetsBeGoodHuman: @AMAs @onedirection @BTS_twt @ABCNetwork I'm voting #BTS (@BTS_twt) "BUTTER" for the 2022 #AMAsFanFavoriteÂ Â  Performanâ€¦" 
"2022-11-20T18:49:12.000Z"||,|| "RT @laurapeek_: On my flight today I woke up from a nap &amp; an attendant was walking down the aisle holding a pug, saying â€œwe found this pug.â€¦" 
"2022-11-20T18:49:12.000Z"||,|| "May opportunity assume door speak vote husband. https://t.co/YCSe64hOLj" 
"2022-11-20T18:49:12.000Z"||,|| "Success won any girl. ØŸ? Ù†Ù…Ø´Û’ ğŸ”¹W25ğŸ”¹ ğŸ”¹W25ğŸ”¹ ğŸ”¹W25ğŸ”¹" 
"2022-11-20T18:49:12.000Z"||,|| "ttle face that you and Lady Helen have been asked o   #å¡å¡”å°”ä¸–ç•Œæ¯ #ä¸–ç•Œæ¯æ¨å•  #ä¸–ç•Œæ¯é¢„æµ‹  https://t.co/I4fQDuVTS6" 
"2022-11-20T18:49:12.000Z"||,|| "RT @muhrioh: Roblox shirts https://t.co/3QYLErzioN" 
"2022-11-20T18:49:12.000Z"||,|| "RT @JennyJa68915279: ğ•´ ğ–‘ğ–”ğ–›ğ–Š ğ–†ğ–“ğ–ğ–’ğ–†ğ–‘ğ–˜ ğ–†ğ–“ğ–‰ ğ–‹ https://t.co/3h2sfZW717 ## #ì§€êµ¬ì—ì„œë…„ì§€ì„±ì•„_í™˜ì˜í•´ https://t.co/v65pHVhhZH" 
"2022-11-20T18:49:12.000Z"||,|| "Century answer east end hope describe building want. https://t.co/gTiaenut8a" 
"2022-11-20T18:49:12.000Z"||,|| "It was an hour before the ceremony and that Shazam increased much so perhaps we had increased but Spotify always filters out half of the streams so we should not stop streaming and do it correctly to avoid much filtering https://t.co/s3K7Cv0Atn" 
"2022-11-20T18:49:12.000Z"||,|| "Forward apply property identify wall customer large. https://t.co/OtYlFUdJnS" 
"2022-11-20T18:49:12.000Z"||,|| "RT @soleilcalsxo: @yunjiny2k people defend this saying â€œitâ€™s a person in recovery posting thisâ€ idc you donâ€™t need to put people with EDs dâ€¦" 
"2022-11-20T18:49:12.000Z"||,|| "@ValGoBrrr @So_hottXXX @SaycheeseDGTL naah not jealous â€¦ buuh donâ€™t nobody need shit until black people get our shit regardless" 
"2022-11-20T18:49:12.000Z"||,|| "RT @EricMMatheny: With subpoena power in the House, GOP can make this happen." 
"2022-11-20T18:49:12.000Z"||,|| "@GOPChairwoman Amazing how some divert straight to the knee jerk response of â€œall guns bad!â€ And â€œwhite hate is strong with magaâ€. Yet, most only response to certain atrocities while conveniently not specking on others." 
"2022-11-20T18:49:12.000Z"||,|| "RT @_iamkitana: Your favorite ex season approaching ğŸ˜­ #Sagittarius https://t.co/QOY47CcrZx" 
"2022-11-20T18:49:12.000Z"||,|| "RT @ObiFlagboy: First thing you'd do soon as Peter Obi is announced the Winner ??" 
"2022-11-20T18:49:12.000Z"||,|| "@Bitboy_Crypto @gavofyork Rocket!! kPxJ" 
"2022-11-20T18:49:12.000Z"||,|| "@bitsofplastic @JMPSimor @KnittedKittie @BBCNews @SkyNews @GMB He's going to make his cult followers drink koolaid" 
"2022-11-20T18:49:12.000Z"||,|| "RT @TitusNation: Itâ€™s the guns,  itâ€™s always the guns Crazy is worldwide Drugs are worldwide Crime happens worldwide Racism is worldwide Hoâ€¦" 
"2022-11-20T18:49:13.000Z"||,|| "@larchcoin You give Aquarius to me always have" 
"2022-11-20T18:49:13.000Z"||,|| "@KariLakeWarRoom These people are irrelevant. This must be their way of being able to look in a mirror. Bet they fail." 
"2022-11-20T18:49:13.000Z"||,|| "RT @btschartdata: stevestoute via Instagram â€œThis is a hour after opening ceremony 5mm streamsâ€ https://t.co/saqyyWesYI" 
"2022-11-20T18:49:13.000Z"||,|| "quality plurrrr https://t.co/ZXmJvSjKdX" 
"2022-11-20T18:49:12.000Z"||,|| "RT @OccasionalNene: After a week of preparation she made it! #prsk_fa https://t.co/yKkidCe83V" 
"2022-11-20T18:49:13.000Z"||,|| "RT @daekiyuArt: id like to thank god and jesus (one) for the new lore about how entirely insufferable reigen is as serizawas bossğŸ’–ğŸ’– https:/â€¦" 
"2022-11-20T18:49:13.000Z"||,|| "RT @QuotesSimpsons1: Good God, he is fabulous. He's embiggened that role with his cromulent performance. #TheSimpsons https://t.co/o5VYa9â€¦" 
"2022-11-20T18:49:13.000Z"||,|| "RT @Abramjee: Two men arrested in Jabulani, JHB. @JoburgMPD stopped them after they drove with flashing blue lights. They claimed a metro oâ€¦" 
"2022-11-20T18:49:13.000Z"||,|| "@NnatMmac This the Tyre hoose?" 
"2022-11-20T18:49:13.000Z"||,|| "The worst part about cancer isn't what i  https://t.co/Q3wDSJYfOo" 
"2022-11-20T18:49:13.000Z"||,|| "Why don't you tell me why I'm here in agony? I've been serving, I've been praying, now I'm caught in misery #Sing Legendarysora" 
"2022-11-20T18:49:13.000Z"||,|| "ğ–‡ğ–Šğ–™ğ–œğ–Šğ–Šğ–“ ğ–“ğ–” ğ–ğ–”ğ–šğ–˜ğ–Š https://t.co/BAykx6CySu ## ##ì§€êµ¬ì—ì„œë…„ì§€ì„±ì•„_í™˜ì˜í•´ https://t.co/vLObkt4zqv" 
"2022-11-20T18:49:13.000Z"||,|| "RT @nflstreamshdnow: ğŸˆNFL Week 11 GameğŸ“º@nflstreamshdnow   ğŸ”¥Watch Regular Season Sunday Night Football Live Streams Online Free ğŸ”´NFL TvğŸ“º@nfâ€¦" 
"2022-11-20T18:49:13.000Z"||,|| "@Hexatiouz It does" 
"2022-11-20T18:49:13.000Z"||,|| "RT @TammySn77696359: ğ•´ ğ–‘ğ–”ğ–›ğ–Š ğ–œğ–ğ–†ğ–™ ğ•´ ğ–‰ğ–”, ğ–†ğ–“ğ–‰ ğ–œğ–ğ–Š https://t.co/oh3vhWmjnR ## ##ì§€êµ¬ì—ì„œë…„ì§€ì„±ì•„_í™˜ì˜í•´ https://t.co/TsbgGXPCR0" 
"2022-11-20T18:49:13.000Z"||,|| "@cynic_rational @atrupar What you witness is a fact. But Yes. You absolutely would need a law degree to argue the criminality of the act. That's why we have lawyers and judges and trials. If I witnessed, you shooting somebody that's a fact. But it's not up to me to decide if it was a crime or not." 
"2022-11-20T18:49:13.000Z"||,|| "RT @xUDe60263111: #åˆ»æ™´ç”Ÿèª•ç¥­2022 #Ganyu  Happy birthday Keqing~ https://t.co/WdcC862P3s" 
"2022-11-20T18:49:12.000Z"||,|| "#AllQuietOnTheWesternFront (2022) (1/2) Director: Edward Berger https://t.co/XCHZ6Jak20" 
"2022-11-20T18:49:13.000Z"||,|| "RT @pulte: Iâ€™m going give $10,000 to someone random who retweets this tweet because Twitter is BACK! (must be following me so I can DM youâ€¦" 
"2022-11-20T18:49:13.000Z"||,|| "I agree we should address that with Facebook https://t.co/XnKz57is1w" 
"2022-11-20T18:49:13.000Z"||,|| "@RBReich This is nothing more than labeling and name calling, the sort of thing the left supposedly despises.  Your hypocrisy stings the nostrils." 
"2022-11-20T18:49:13.000Z"||,|| "Billâ€™s offense still on the train stuck in the snow â„ï¸." 
"2022-11-20T18:49:13.000Z"||,|| "RT @pacificbitcoin: Words from the heart from @FossGregfoss to @benbernanke, Former Chair of the Federal Reserve of the United States.  Moâ€¦" 
"2022-11-20T18:49:13.000Z"||,|| "Abel Joyce  #æ·±åœ³  Bill Strachey  #æ·±åœ³çº¿ä¸‹    Merle Zephaniah  https://t.co/dCFeW6T7IH" 
"2022-11-20T18:49:13.000Z"||,|| "I love matt sturniolo" 
"2022-11-20T18:49:13.000Z"||,|| "@instablog9ja Come and stay in Nigeria if enjoyment don tire you...." 
"2022-11-20T18:49:14.000Z"||,|| "@seascapenetwork Isn't it high time we were mentioning this???!  https://t.co/QRlGEjTym9" 
"2022-11-20T18:49:14.000Z"||,|| "RT @stocjia: I will share her because I love her (also Noah) https://t.co/nPcYUg7H3K" 
"2022-11-20T18:49:14.000Z"||,|| "RT @polofromthe305: Bday boy â™ï¸ https://t.co/sFZ90fX5ae" 
"2022-11-20T18:49:14.000Z"||,|| "RT @CROWNtokenclub: ğŸ“¢ ğ—–ğ—¥ğ—¢ğ—ªğ—¡ ğ—§ğ—¢ğ—ğ—˜ğ—¡ #AIRDROP  ğŸ’° Progressive prize pool worth over $22,000 ğŸ† 3 Reward levels : $200, $45, $5 ğŸ’¥ Special 8 Mittâ€¦" 
"2022-11-20T18:49:14.000Z"||,|| "RT @anshp00000: LE : Mr President @realDonaldTrump and @elonmusk together. ğŸ˜œğŸ¥³â¤ï¸ #DonaldTrump https://t.co/BwvGB0HYL4" 
"2022-11-20T18:49:14.000Z"||,|| "Such require food sister reason person quality. https://t.co/rz8LzmTHOk" 
"2022-11-20T18:49:14.000Z"||,|| "@VernonForGA Youâ€™re so handsome ğŸ¥° have a good day" 
"2022-11-20T18:49:14.000Z"||,|| "God loves to help him who strives to hel  https://t.co/ph5reTRFqu" 
"2022-11-20T18:49:14.000Z"||,|| "RT @Christian_Zamo: I hope PokÃ©mon Scarlet and Violet never gets patched. Itâ€™s highbrow camp https://t.co/HYwPX98Aqr" 
"2022-11-20T18:49:14.000Z"||,|| "Thinking of doing a red carpet interview bingo, so far Iâ€™ve got: - What celeb you looking forward to meeting? - Omg youâ€™re so good looking, how does it feel having all the ladies after you?!  - Whatâ€™s your favourite American snack? - Celebrity crush?" 
"2022-11-20T18:49:14.000Z"||,|| "RT @nonpoppie: kaeyavember day 12-13: kaeya and some guy (late again ğŸ¥¹) #chaeya https://t.co/1ti2qirTwr" 
"2022-11-20T18:49:14.000Z"||,|| "Who loves a garden loves a greenhouse to  https://t.co/7COcfw5ytL" 
"2022-11-20T18:49:14.000Z"||,|| "RT @GOALAfrica: That moment you realise you still have to play Senegal and the Netherlands ğŸ™ƒ https://t.co/ZPk424Ec0J" 
"2022-11-20T18:49:14.000Z"||,|| "RT @travelerjeff1: @elonmusk free speech in the public square must include open scientific discussion.   Please reinstate Dr Robert Maloneâ€¦" 
"2022-11-20T18:49:14.000Z"||,|| "always one of my favorites https://t.co/rhF5IJ3HFY" 
"2022-11-20T18:49:15.000Z"||,|| "Knife, how could you burn your own friend? You know, sometimes you can be a real-" 
"2022-11-20T18:49:15.000Z"||,|| "RT @wealth_director: Toxic people only change their victims, never themselves. Remember that." 
"2022-11-20T18:49:15.000Z"||,|| "RT @HandPlug: The Warden of Time https://t.co/Ka4Y94K4ZT" 
"2022-11-20T18:49:14.000Z"||,|| "@paddypower If anyone wants my prediction for every game this World Cup, give me a follow âœ…ğŸ˜‰ https://t.co/vPAFTPte3l" 
"2022-11-20T18:49:15.000Z"||,|| "RT @Abeerkhafaga1: New heroooo â¤â¤ Very attractive â¤ enjoying the sunğŸ§¿â˜€ï¸ @kadirdogulu  #KadirDoÄŸulu  #GeceninUcunda https://t.co/y30gH5or7l" 
"2022-11-20T18:49:15.000Z"||,|| "RT @tigray_micky: Eritrean &amp; Amhara forces have turned schools into military bases in #Tigray. These forces are  rape &amp; killling looting &amp;â€¦" 
"2022-11-20T18:49:15.000Z"||,|| "@IndubitablyAwe1 @brahmresnik I'm saying they need to take responsibility for themselves and stop whining that they didn't have a chance to vote" 
"2022-11-20T18:49:15.000Z"||,|| "@STATSAWARDS I'm voting for  #OneDirection (@onedirection) â€Story of my life" (2013) for #AMAsFanFavoriteÂ at the #AMAsÂ jjj" 
"2022-11-20T18:49:15.000Z"||,|| "RT @Outfit_Luxy: Cartier bracelet &gt;&gt; https://t.co/FP3sxRI4Kw" 
"2022-11-20T18:49:15.000Z"||,|| "@Varadime 100% especially in a world with a lot of misinformation and biases floating around driving these things. I'm all for if someones chose to avoid red meat on their own terms, but if they want to demonize it and say falsehoods, thats the big issue." 
"2022-11-20T18:49:15.000Z"||,|| "@sykelle_ He has always been the weakest member. That doesnâ€™t mean he isnâ€™t well-loved." 
"2022-11-20T18:49:15.000Z"||,|| "RT @OneKindesign: Sculptured holiday retreat in South Africa by SAOTA https://t.co/DHk1KUSujq https://t.co/ILPUru98wf" 
"2022-11-20T18:49:14.000Z"||,|| "so real for this https://t.co/4d38BJM9xO" 
"2022-11-20T18:49:14.000Z"||,|| "@SuellaBraverman We are being had+lied to we are being played+taken for foolish suckers!The governments/EU are extracting the michael from the people of England+Ireland!The people of Ireland will start it+the people of England will join them in Civil War!God help us!This will go down in history! https://t.co/ocHqHb5txX" 
"2022-11-20T18:49:15.000Z"||,|| "Follow the first 50 retweets and follow all likes @wacardinali ğŸƒ" 
"2022-11-20T18:49:15.000Z"||,|| "RT @NaijaFlyingDr: I have never been one for birthdays/Christmas celebrations. But one milestone that I take seriously is my wedding anniveâ€¦" 
"2022-11-20T18:49:14.000Z"||,|| "@boinkbonk17 Sounds like fun" 
"2022-11-20T18:49:15.000Z"||,|| "@AN70NYY @shievvaa @iillliterate @DenisllolFan @_xans @scollie42_ @krby8888 The profile" 
"2022-11-20T18:49:14.000Z"||,|| "RT @DineshDSouza: Since @realdonaldtrump is running for President it doesnâ€™t make sense for him to deny himself a massive platform like Twiâ€¦" 
"2022-11-20T18:49:15.000Z"||,|| "I'm voting for #OneDirection (@onedirection) "Story of my life" (2013) for #AMAsFanFavorite at the #AMAs2022" 
"2022-11-20T18:49:15.000Z"||,|| "RT @CryptoMocro_: Good morning soldiers, $kas gave me x10 and i really believe this is just the start ğŸ”¥ Without any marketing or any bigâ€¦" 
